{"cameraMode":{"drawMode":0,"name":"Shaded","section":"Shading Mode"},"sceneLighting":true,"audioPlay":false,"sceneViewState":{"m_AlwaysRefresh":false,"showFog":true,"showSkybox":true,"showFlares":true,"showImageEffects":true,"showParticleSystems":true,"showVisualEffectGraphs":true,"m_FxEnabled":true},"in2DMode":false,"pivot":{"x":825.2332153320313,"y":927.79833984375,"z":-1546.8880615234375},"rotation":{"x":0.025191383436322213,"y":0.02695436030626297,"z":-0.0009963319171220065,"w":0.9994130730628967},"size":97.66448974609375,"orthographic":false}