{"cameraMode":{"drawMode":0,"name":"Shaded","section":"Shading Mode"},"sceneLighting":false,"audioPlay":false,"sceneViewState":{"m_AlwaysRefresh":false,"showFog":true,"showSkybox":false,"showFlares":true,"showImageEffects":true,"showParticleSystems":true,"showVisualEffectGraphs":true,"m_FxEnabled":true},"in2DMode":false,"pivot":{"x":-0.10486891865730286,"y":1.588283896446228,"z":-1.8129603862762452},"rotation":{"x":0.0002599282597657293,"y":-1.0000439882278443,"z":0.010210227221250534,"w":-0.0012349500320851803},"size":1.1862633228302003,"orthographic":false}